,name,n_samples,mean,std,q_0.01,q_0.05,q_0.95,q_0.99
0,dice,385,0.9876494930987432,0.003715411682518743,0.9755654397191044,0.9800283830899599,0.9914303404875917,0.9918038904616535
0,dice,394,0.9158587810245216,0.015585206069035655,0.8678843438210666,0.8882582166884245,0.9364648461211075,0.9436876577251714
0,fds_mean_raw,394,0.22941807638267558,0.13731712490913928,0.0656601282992628,0.09332396643534135,0.49089356135502005,0.7494708558999204
0,fds_mean_scrubbed,394,0.1851421364186303,0.06776184290205031,0.06551484499087759,0.08656818513680856,0.3091641738368969,0.35210947860407704
