,name,n_samples,mean,std,q_0.01,q_0.05,q_0.95,q_0.99
0,anat_dice,381,0.9876791852985621,0.003681487815230427,0.9744620212769143,0.9802955398958335,0.9913762682135023,0.9917579318617261
0,func_dice,390,0.9149355328627723,0.01663263800096861,0.8588785496660417,0.8865142146155666,0.9358292765909844,0.9428642912924824
0,fds_mean_raw,390,0.22842236510457697,0.13411177657771065,0.06553473614561821,0.09331383704096383,0.48008150054722787,0.6913111078729915
0,fds_mean_scrubbed,390,0.185334703879143,0.06785805617724817,0.06530643380387009,0.08651733133536196,0.3095726472098057,0.3521984267156733
